Periodo;Reclamo
1;3000
1;5400
1;2000
1;50000
1;16000
1;11600
1;2000
1;60000
1;30000
1;20000
1;25000
1;50000
1;35000
1;69000
1;17100
1;5400
1;10000
1;5400
1;27000
1;5400
1;50000
1;25000
1;5400
1;21300
1;5400
1;700
1;60000
1;11600
1;25000
1;2300
1;11600
1;8000
1;4000
1;5000
1;24000
1;11600
1;17100
1;11600
1;3500
1;11600
1;46000
1;70000
1;14000
1;11600
1;5400
1;11600
1;21300
1;21300
1;5400
1;5400
1;20000
1;12400
1;18200
1;5400
1;3000
1;45000
1;4975
1;45000
1;5400
1;11600
1;1000
1;5400
1;65000
1;5400
1;5400
1;11600
1;15000
1;40000
1;5400
1;30000
1;45000
1;13000
1;12000
1;5400
1;11600
1;45000
1;17100
1;11600
1;11600
1;5400
1;50000
1;10000
1;9500
1;3500
1;3500
1;50000
1;5400
1;1000
1;11600
1;8000
1;30400
1;2500
1;11600
1;15000
1;5400
1;7000
1;11600
1;12000
1;5400
1;5400
1;28000
1;5000
1;11600
1;12000
1;12100
1;3000
1;5000
1;17100
1;11600
1;11600
1;5400
1;1000
1;7260
1;5400
1;2500
1;12000
1;12000
1;5400
1;5400
1;14000
1;50000
1;4466
1;8000
1;11600
1;5000
1;11600
1;14000
1;44000
1;2000
1;15000
1;120000
1;25000
1;5400
1;2000
1;11600
1;10000
1;15500
1;24000
1;4900
1;12000
1;1000
1;11600
1;1500
1;5400
1;5000
1;3500
1;17100
1;5400
1;60000
1;11600
1;62000
1;2800
1;11600
1;11600
1;11600
1;11600
1;11600
1;5400
1;18200
1;7000
1;2000
1;5400
1;12500
1;5400
1;5000
1;88000
1;30000
1;5400
1;11600
1;11600
1;34200
1;5400
1;3000
1;50000
1;8000
1;2000
1;30000
1;11600
1;17100
1;17100
1;15000
1;20000
1;5400
1;45000
1;5400
1;5400
1;50000
1;25000
1;40000
1;11600
1;29000
1;21300
1;15000
1;10000
1;12500
1;13000
1;54000
1;12500
1;78000
1;5400
1;60000
1;11600
1;11600
1;22500
1;80000
1;71000
1;6000
1;7000
1;35000
1;13000
1;45000
1;10000
1;13000
1;5400
1;5400
1;11600
1;45000
1;5400
1;80000
1;11600
1;11600
1;5400
1;3500
1;5400
1;15000
1;5400
1;5000
1;78000
1;2000
1;11600
1;5400
1;5400
1;11600
1;31200
1;11600
1;11600
1;42000
1;3000
1;11000
1;11600
1;5400
1;10000
1;13000
1;4900
1;17100
1;5400
1;5400
1;5400
1;5400
1;5000
1;11600
1;11600
1;20000
1;11600
1;13000
1;6000
1;5400
1;14000
1;50000
1;1000
1;25000
1;3000
1;5400
1;15000
1;13000
1;11600
1;9000
1;2000
1;11000
1;11600
1;11600
1;11600
1;5400
1;5400
1;3000
1;5400
1;11600
1;12000
1;5400
1;61000
1;5400
1;50000
1;5000
1;4000
1;3000
1;4900
1;11600
1;57000
1;30000
1;5400
1;12500
1;15000
1;11600
1;5400
1;29000
1;5400
1;4000
1;11600
1;16000
1;11600
1;11600
1;10000
1;11600
1;21300
1;5400
1;17100
1;11600
1;17600
1;8000
1;11600
1;5400
1;7000
1;32000
1;9000
1;5400
1;10000
1;30000
1;5400
1;47500
1;5400
1;50000
1;5000
1;5400
1;5400
1;11600
1;5000
1;5400
1;5400
1;2000
1;5400
1;15000
1;5400
1;17100
1;20000
1;70000
1;7500
1;180000
1;33000
1;17100
1;2000
1;12500
1;15000
1;20000
1;5400
1;18000
1;5400
1;17100
1;20000
1;3500
1;8000
1;45000
1;5400
1;5400
1;6500
1;11600
1;15500
1;5400
1;10000
1;11600
1;30000
1;8000
1;1000
1;20000
1;5400
1;11600
1;11600
1;11600
1;5400
1;5400
1;5400
1;73000
1;17100
1;40000
1;5400
1;5400
1;12500
1;60000
1;17100
1;30000
1;3000
1;10000
1;7000
1;17100
1;35000
1;17100
1;15000
1;1500
1;4000
1;30000
1;5400
1;35000
1;57000
1;70000
1;4000
1;12500
1;11600
1;16000
1;11600
1;6200
1;11600
1;5000
1;4500
1;30000
1;25000
1;2000
1;7000
1;11600
1;3000
1;13000
1;5400
1;22000
1;40000
1;5400
1;17100
1;5400
1;9000
1;28000
1;5400
1;8000
1;56000
1;13000
1;11600
1;14000
1;22000
2;2500
2;11600
2;11600
2;11600
2;21300
2;90000
2;11600
2;5400
2;11600
2;5400
2;77000
2;7000
2;55000
2;50000
2;30000
2;8000
2;11600
2;4000
2;11600
2;3000
2;6700
2;7000
2;40000
2;5000
2;5000
2;5400
2;5400
2;11600
2;80000
2;12500
2;5000
2;8000
2;2000
2;1000
2;5400
2;5400
2;11600
2;7200
2;55000
2;5400
2;15000
2;54000
2;30000
2;21300
2;11600
2;5400
2;9000
2;7000
2;5400
2;45000
2;11600
2;35000
2;5400
2;10000
2;11600
2;11600
2;56000
2;90000
2;17100
2;4000
2;21300
2;13600
2;6000
2;11600
2;5000
2;11600
2;37000
2;10000
2;65000
2;11600
2;35000
2;5400
2;65000
2;5400
2;6500
2;5400
2;9000
2;60000
2;17100
2;6000
2;10000
2;40000
2;5000
2;50500
2;11600
2;70000
2;26000
2;17100
2;55000
2;11600
2;25000
2;6000
2;11600
2;18000
2;35000
2;5400
2;1000
2;5400
2;11000
2;11600
2;5400
2;66000
2;11600
2;10000
2;50000
2;5400
2;12500
2;35000
2;35325
2;8000
2;35000
2;5400
2;7000
2;2000
2;5000
2;10000
2;5400
2;11600
2;5400
2;6100
2;4000
2;3000
2;3500
2;70000
2;35000
2;30000
2;5400
2;17100
2;47000
2;5400
2;11600
2;11600
2;11600
2;5400
2;20000
2;12500
2;8000
2;53000
2;5400
2;29000
2;5400
2;21300
2;5000
2;21300
2;28200
2;4900
2;5400
2;5400
2;5400
2;11600
2;15000
2;84200
2;27000
2;50000
2;5400
2;1855
2;11600
2;17100
2;11600
2;11600
2;5400
2;10000
2;10000
2;5400
2;20000
2;25000
2;5400
2;10000
2;6000
2;2690
2;11600
2;5400
2;60000
2;5400
2;11600
2;54000
2;5400
2;2000
2;12000
2;8500
2;11600
2;54000
2;1500
2;6000
2;5400
2;5400
2;14000
2;11600
2;35000
2;6000
2;18000
2;5400
2;5400
2;50000
2;5500
2;5400
2;58000
2;5400
2;24000
2;5400
2;11600
2;90000
2;11600
2;11600
2;5400
2;70000
2;12000
2;2000
2;5400
2;5400
2;5000
2;17100
2;12500
2;23000
2;57000
2;5400
2;14000
2;11600
2;5400
2;17100
2;11600
2;2500
2;21300
2;45000
2;5000
2;5400
2;7000
2;7500
2;11600
2;45000
2;5400
2;50000
2;5400
2;50000
2;40000
2;11600
2;5400
2;5400
2;50000
2;5400
2;11600
2;7000
2;5400
2;11600
2;21300
2;5400
2;30000
2;55000
2;11600
2;35000
2;5400
2;5400
2;5400
2;11600
2;11600
2;5400
2;11600
2;30000
2;4890
2;8000
2;80000
2;15000
2;50000
2;12000
2;5400
2;21300
2;5400
2;11600
2;2000
2;48000
2;42000
2;5000
2;11600
2;55000
2;12500
2;35000
2;11600
2;24000
2;11600
2;40000
2;11600
2;11600
2;35000
2;6000
2;15000
2;3000
2;7500
2;56000
2;17100
2;65000
2;5400
2;11600
2;5400
2;9000
2;5400
2;19000
2;52000
2;11600
2;7500
2;17100
2;60000
2;6000
2;7000
2;18000
2;35000
2;5400
2;11600
2;14500
2;5400
2;11600
2;60000
2;5400
2;35000
2;78600
2;3279
2;5400
2;7000
2;5400
2;2000
2;600
2;17100
2;11600
2;12000
2;11600
2;23000
2;12500
2;25000
2;11600
2;5400
2;11600
2;17100
2;30000
2;35000
2;11600
2;5400
2;11600
2;11600
2;11600
2;80000
2;3000
2;5400
2;11600
2;50000
2;32000
2;11600
2;5400
2;5400
2;35000
2;50000
2;5400
2;42000
2;10000
2;10000
2;5400
2;12000
2;18000
2;10000
2;5400
2;15000
2;5400
2;11600
2;28000
2;10000
2;5400
2;5400
2;33500
2;120000
2;8000
2;9000
2;60000
2;5400
2;20000
2;75000
2;5400
2;5400
2;5400
2;15000
2;15000
2;11600
2;11600
2;3000
2;9500
2;5400
2;11600
2;17100
2;11600
2;11600
2;49000
2;50000
2;55000
2;11600
2;5400
2;11600
2;10000
2;11600
2;30000
2;5400
2;11600
2;55000
2;21300
2;30000
2;941
2;28000
2;5400
2;11600
2;45000
2;16500
2;6000
2;11600
2;25000
2;5000
2;7000
2;48000
2;12800
2;60000
2;5400
2;13500
2;17100
2;5400
2;53000
2;11600
2;4900
2;6000
2;10000
2;5400
2;5400
2;11600
2;61000
2;10000
2;40000
2;6300
2;2590
2;11600
2;45000
2;6800
2;17100
2;5400
2;27000
2;60000
2;50000
2;10000
2;5400
2;17100
2;11600
2;8000
2;43000
2;2000
2;50000
2;31000
2;15000
2;3500
2;5400
2;10000
2;5400
2;28000
2;17100
2;11600
2;36000
2;17100
2;17100
2;11600
2;11600
2;3000
2;35000
2;11600
2;15000
2;10000
2;25000
2;30000
2;5400
2;5400
2;20000
2;11600
2;11600
2;10000
2;50000
2;99000
2;50000
2;17100
2;11600
2;17100
2;11600
2;60000
2;20000
2;5000
2;37000
2;11600
2;3000
2;5400
2;82000
2;72000
2;5400
2;11600
2;10000
2;11600
2;11600
2;5400
2;11600
3;23000
3;11600
3;11600
3;11600
3;23000
3;11600
3;5400
3;38000
3;11600
3;5400
3;11600
3;12000
3;37000
3;15000
3;11600
3;5400
3;2000
3;5400
3;9000
3;5400
3;5400
3;5400
3;11600
3;50000
3;11600
3;17100
3;3000
3;10000
3;17100
3;10500
3;5400
3;8000
3;11600
3;50000
3;55000
3;5400
3;5000
3;45000
3;11600
3;18000
3;11600
3;5400
3;11600
3;28000
3;10000
3;25000
3;5400
3;11600
3;5400
3;5400
3;2000
3;50000
3;50000
3;5400
3;68000
3;11600
3;5400
3;45000
3;5400
3;5400
3;11600
3;11600
3;60000
3;5400
3;25000
3;35000
3;34000
3;8500
3;5400
3;10000
3;1500
3;25000
3;5400
3;7500
3;49000
3;3000
3;11600
3;11600
3;2000
3;3000
3;11600
3;70000
3;11600
3;8000
3;6000
3;17100
3;35000
3;15000
3;50000
3;21300
3;20000
3;17000
3;10000
3;50000
3;60000
3;15000
3;2700
3;11600
3;5400
3;3000
3;26000
3;15000
3;5400
3;35000
3;11600
3;20000
3;50000
3;20000
3;5000
3;30000
3;5400
3;3000
3;15000
3;5400
3;20000
3;11600
3;5400
3;5400
3;50000
3;11600
3;75000
3;11600
3;2000
3;11600
3;11600
3;11600
3;10000
3;11600
3;11600
3;32000
3;5000
3;70000
3;11600
3;57500
3;10000
3;30000
3;100000
3;55500
3;5400
3;24000
3;16000
3;6000
3;5400
3;21300
3;21300
3;11600
3;5400
3;21300
3;20000
3;10000
3;7000
3;38000
3;11600
3;11600
3;11600
3;50000
3;40000
3;35500
3;5400
3;36000
3;77000
3;5400
3;23000
3;50000
3;2400
3;5400
3;10000
3;10000
3;10000
3;10000
3;25000
3;18200
3;17100
3;50000
3;3000
3;31500
3;17100
3;11600
3;30000
3;1500
3;5400
3;60000
3;83000
3;100000
3;5400
3;2000
3;15000
3;15800
3;11600
3;11600
3;8000
3;7500
3;5400
3;8000
3;46000
3;11600
3;4000
3;2000
3;5400
3;11600
3;11600
3;11600
3;17100
3;2800
3;4000
3;63000
3;5400
3;3500
3;11600
3;90000
3;40000
3;5400
3;18000
3;5400
3;1000
3;36500
3;5400
3;3000
3;75000
3;5400
3;72000
3;21300
3;10000
3;27000
3;17100
3;20000
3;7000
3;7000
3;5400
3;5400
3;9000
3;5400
3;9000
3;50000
3;4000
3;75000
3;27000
3;5900
3;600
3;10000
3;8000
3;11600
3;4000
3;7500
3;44000
3;50000
3;5400
3;7500
3;5400
3;5400
3;11600
3;55000
3;4000
3;11600
3;11600
3;12500
3;5400
3;8000
3;55000
3;20000
3;5400
3;10000
3;50000
3;11600
3;40000
3;5400
3;11600
3;51000
3;11600
3;60000
3;11600
3;11600
3;12000
3;5400
3;40000
3;29000
3;11600
3;7000
3;8000
3;17100
3;20000
3;2000
3;5400
3;5400
3;11600
3;17100
3;11600
3;6000
3;11600
3;11600
3;17100
3;6000
3;2500
3;8000
3;2500
3;56000
3;5400
3;12500
3;17100
3;11600
3;11600
3;5400
3;5400
3;11600
3;7000
3;12500
3;3000
3;25000
3;5400
3;5400
3;11600
3;50000
3;15000
3;11600
3;30000
3;20000
3;5400
3;7000
3;21000
3;36000
3;50000
3;5400
3;35000
3;6000
3;80000
3;50000
3;5400
3;10000
3;11600
3;15000
3;50000
3;5400
3;5400
3;11600
3;25000
3;11600
3;3000
3;30000
3;9000
3;5400
3;5400
3;15000
3;5400
3;11600
3;8000
3;8000
3;20000
3;8000
3;35000
3;11600
3;11600
3;17100
3;4000
3;10000
3;60000
3;11600
3;25000
3;100000
3;21300
3;75000
3;5400
3;21300
3;77000
3;5400
3;18000
3;11600
3;4000
3;60000
3;17100
3;3500
3;5400
3;45000
3;11600
3;5400
3;50000
3;6000
3;30000
3;2000
3;2556
3;5400
3;4000
3;12000
3;5400
3;10000
3;11600
3;17100
3;50000
3;5400
3;5400
3;5400
3;17100
3;5400
3;2000
3;5000
3;16000
3;36000
3;5400
3;11600
3;54000
3;5965
3;84000
3;30000
3;1000
3;5000
3;12500
3;50000
3;25000
3;11600
3;16500
3;7500
3;3000
3;11600
3;65000
3;2500
3;30000
3;12000
3;6000
3;2000
3;5400
3;30000
3;25000
3;29000
3;4500
3;60000
3;50000
3;5400
3;11600
3;26000
3;11600
3;2000
3;5400
3;2000
3;5400
3;16000
3;2200
3;37000
3;11600
3;31500
3;2000
3;50000
3;5400
3;14000
3;35000
3;5400
3;12400
3;15000
3;11600
3;5400
3;35000
3;3000
3;5400
3;10000
3;35000
3;5400
3;3500
3;5400
3;50000
3;12000
3;60000
3;16000
3;5400
3;5400
3;5400
3;13000
3;5400
3;10000
3;11600
3;17100
3;35000
3;76000
3;55000
3;11600
3;8500
3;17100
3;10000
3;21300
3;50000
3;5400
3;5400
3;37000
3;11600
3;13000
3;17900
3;11600
3;11600
3;4300
3;20000
3;4000
3;28000
3;7000
3;4000
3;60000
3;2000
3;100000
3;5400
3;15000
3;5400
3;13000
3;11600
3;12000
3;12000
3;10000
3;11600
3;11600
3;15400
3;5400
3;11600
3;30000
3;10000
3;11600
3;35000
3;17000
3;5400
4;40000
4;6500
4;25000
4;60000
4;11600
4;5400
4;10000
4;7000
4;5400
4;21300
4;11600
4;17100
4;5400
4;30000
4;5400
4;5400
4;17100
4;21029
4;30000
4;6000
4;11600
4;52000
4;50000
4;20000
4;25000
4;63000
4;38000
4;11600
4;25000
4;75000
4;11600
4;45000
4;11600
4;64000
4;4000
4;20000
4;5400
4;5400
4;5400
4;100000
4;24900
4;61000
4;5400
4;6000
4;8300
4;50000
4;20000
4;30000
4;5400
4;46000
4;7000
4;4741
4;5400
4;35000
4;11600
4;5400
4;12000
4;3000
4;6000
4;60000
4;5400
4;11600
4;11600
4;11600
4;1000
4;11600
4;5400
4;11600
4;30000
4;11600
4;5400
4;60200
4;3500
4;5400
4;6000
4;5400
4;22600
4;11600
4;3000
4;11600
4;5400
4;63000
4;40000
4;25500
4;8000
4;5400
4;2000
4;5400
4;11600
4;30000
4;25000
4;10000
4;5400
4;15000
4;5400
4;47400
4;5400
4;33000
4;5400
4;2000
4;17100
4;5400
4;15000
4;10000
4;11600
4;11600
4;11600
4;11600
4;4000
4;11600
4;30000
4;65000
4;5400
4;5400
4;5400
4;5400
4;21300
4;7000
4;11600
4;5400
4;5400
4;5400
4;45000
4;5400
4;2000
4;11600
4;11300
4;17100
4;42000
4;5400
4;30000
4;66800
4;65000
4;5400
4;10000
4;10000
4;45000
4;3000
4;10000
4;17100
4;5400
4;8000
4;12000
4;70000
4;4000
4;8000
4;11600
4;70000
4;3500
4;50000
4;5400
4;18000
4;2000
4;66500
4;21500
4;5400
4;20000
4;5400
4;10000
4;12500
4;6400
4;30000
4;11600
4;7500
4;25000
4;32000
4;40000
4;59000
4;10000
4;17100
4;73000
4;11600
4;5400
4;5400
4;10000
4;75000
4;50000
4;11600
4;15000
4;5400
4;21000
4;15000
4;6500
4;60000
4;32000
4;11600
4;11600
4;11600
4;7500
4;11600
4;12000
4;21300
4;30000
4;37000
4;21300
4;5400
4;25000
4;15000
4;45000
4;11600
4;5400
4;55000
4;11600
4;81000
4;11600
4;15000
4;53000
4;24000
4;6000
4;4580
4;3000
4;45500
4;38500
4;11600
4;11600
4;5400
4;18000
4;15000
4;10000
4;5400
4;9000
4;11600
4;3500
4;11600
4;60000
4;5400
4;11600
4;11600
4;12000
4;17100
4;5400
4;5400
4;11600
4;15000
4;11600
4;83000
4;5400
4;70000
4;11600
4;5400
4;70000
4;5400
4;15000
4;5400
4;12000
4;5400
4;11600
4;11600
4;5400
4;8000
4;2000
4;11600
4;11600
4;10000
4;7000
4;15000
4;17100
4;12000
4;30000
4;5400
4;11600
4;5400
4;11600
4;35000
4;60000
4;55000
4;11600
4;28000
4;5400
4;11600
4;65000
4;50000
4;10000
4;5400
4;30000
4;10000
4;11600
4;11600
4;5400
4;40000
4;31000
4;46100
4;5400
4;11600
4;5400
4;12500
4;50000
4;5400
4;5400
4;5400
4;5400
4;11600
4;21300
4;18000
4;21300
4;5000
4;32000
4;11600
4;13000
4;5400
4;40000
4;15000
4;35000
4;21300
4;5400
4;5000
4;11600
4;11600
4;10000
4;17100
4;5400
4;11600
4;30000
4;12000
4;20000
4;45000
4;600
4;5400
4;11600
4;14000
4;32000
4;12500
4;30000
4;11600
4;5400
4;4000
4;5400
4;5400
4;40300
4;10000
4;4000
4;5400
4;35000
4;5400
4;5000
4;5400
4;6000
4;11600
4;2500
4;5400
4;10000
4;90000
4;5400
4;5400
4;21300
4;9200
4;70000
4;15000
4;60000
4;30000
4;5400
4;6500
4;11600
4;11600
4;11600
4;20000
4;60000
4;5400
4;5400
4;60000
4;60000
4;12500
4;11600
4;11600
4;4000
4;5400
4;50000
4;40000
4;11600
4;5400
4;25000
4;5400
4;5400
4;5400
4;5400
4;45000
4;7000
4;10000
4;5400
4;30000
4;20000
4;40000
4;7000
4;60000
4;5400
4;3000
4;13000
4;5400
4;17100
4;20000
4;8000
4;11600
4;5400
4;10000
4;14000
4;15000
4;1500
4;1200
4;8500
4;11600
4;5400
4;11600
4;11600
4;10000
4;11600
4;40000
4;12500
4;9000
4;5000
4;1000
4;5400
4;11600
4;9000
4;30000
4;11600
4;14000
4;28000
4;7500
4;50000
4;48000
4;5400
4;2000
4;5400
4;15000
4;3000
4;60000
4;11600
4;1500
4;11600
4;11600
4;11600
4;11600
4;5000
4;20000
4;53000
4;5400
4;5400
4;51000
4;5400
4;5400
4;4000
4;86000
4;5400
4;6500
4;11600
4;15000
4;5400
4;60000
4;8000
4;5400
4;5400
4;21300
4;11600
4;15000
4;11600
4;30000
4;11600
4;5400
4;55000
4;10000
4;3000
4;5400
4;11600
4;12000
4;20000
4;8000
4;55000
4;11600
4;11600
4;11600
4;20000
4;15000
4;6500
4;11600
4;5400
4;13000
4;25000
4;11600
4;45000
4;11600
4;3500
4;18500
4;10000
4;15000
4;45000
4;11600
4;11600
4;5400
4;71500
4;60000
4;4000
4;5400
4;11600
4;8000
4;30000
4;11600
4;7000
4;1500
4;10000
4;5400
4;45000
4;5400
4;5000
4;10000
4;5400
4;11600
4;12000
4;5400
4;20000
4;1500
4;5400
4;11600
4;15000
4;15000
4;5000
5;4000
5;5400
5;11600
5;7500
5;29000
5;17100
5;60000
5;17100
5;5400
5;17100
5;10000
5;5400
5;5400
5;8000
5;7500
5;60000
5;5400
5;5400
5;12500
5;5000
5;5400
5;50000
5;5400
5;30000
5;50000
5;11600
5;40000
5;3000
5;11600
5;5400
5;5400
5;2200
5;16000
5;11600
5;45000
5;8000
5;5400
5;11600
5;31000
5;50000
5;32000
5;21300
5;8000
5;45000
5;17100
5;80000
5;50000
5;11600
5;32000
5;8000
5;5400
5;5400
5;5400
5;5400
5;21300
5;11600
5;5400
5;11600
5;45000
5;30000
5;17100
5;2000
5;21300
5;11600
5;11600
5;79000
5;5400
5;30000
5;5400
5;23000
5;11600
5;63000
5;5400
5;18500
5;5400
5;11600
5;5400
5;11600
5;70000
5;5400
5;54000
5;6000
5;17100
5;8000
5;15000
5;68000
5;5400
5;11600
5;5400
5;11600
5;30000
5;9000
5;12000
5;5000
5;5400
5;5400
5;5400
5;6000
5;73000
5;63000
5;12500
5;52000
5;11600
5;8000
5;5400
5;60000
5;8000
5;3800
5;5400
5;70000
5;11600
5;11600
5;50000
5;5400
5;5400
5;6000
5;5400
5;11600
5;6000
5;4500
5;11600
5;5400
5;11600
5;11600
5;11600
5;55000
5;47000
5;5400
5;22000
5;21300
5;5400
5;30000
5;5400
5;80000
5;50000
5;5400
5;11600
5;5400
5;6000
5;20000
5;5300
5;25000
5;17000
5;11600
5;11600
5;10000
5;80000
5;11600
5;6000
5;28000
5;8000
5;17100
5;11600
5;30000
5;11600
5;50000
5;12000
5;7000
5;7000
5;73000
5;11600
5;46000
5;15000
5;5400
5;11600
5;3000
5;45000
5;45000
5;90000
5;5400
5;11600
5;8000
5;3000
5;74000
5;46000
5;3000
5;11600
5;75000
5;5400
5;11600
5;11600
5;5400
5;26500
5;5000
5;5400
5;5000
5;12000
5;5400
5;55000
5;30000
5;5400
5;18000
5;11600
5;11600
5;6000
5;12000
5;15000
5;8000
5;11600
5;17100
5;5400
5;5400
5;1000
5;5400
5;5400
5;5400
5;17000
5;5400
5;21300
5;50000
5;5400
5;5400
5;70000
5;5000
5;6000
5;40000
5;42000
5;17000
5;30000
5;5400
5;14000
5;55000
5;51000
5;21000
5;65000
5;17100
5;5400
5;53000
5;22000
5;10000
5;77000
5;60100
5;5400
5;11600
5;22000
5;5000
5;32000
5;5400
5;5400
5;11600
5;45000
5;5000
5;1500
5;70000
5;6000
5;5400
5;4500
5;20000
5;70000
5;7000
5;5400
5;18000
5;20000
5;11600
5;17100
5;17100
5;14000
5;11600
5;11600
5;2300
5;11600
5;10000
5;5400
5;63000
5;5400
5;3500
5;11600
5;10000
5;55000
5;30000
5;11600
5;5400
5;72000
5;11600
5;50000
5;7000
5;4900
5;40000
5;11600
5;50000
5;11600
5;11600
5;20000
5;35000
5;5400
5;15000
5;11600
5;80000
5;31000
5;13000
5;5400
5;5400
5;22000
5;37100
5;10500
5;70000
5;5400
5;1300
5;11600
5;60000
5;6000
5;5000
5;11600
5;60000
5;5400
5;27000
5;15000
5;18000
5;15000
5;5400
5;40000
5;11600
5;44000
5;5400
5;23600
5;35000
5;11600
5;11600
5;15000
5;11600
5;11600
5;2500
5;4000
5;10000
5;25000
5;5400
5;5000
5;10000
5;40000
5;13000
5;11600
5;11600
5;55000
5;7500
5;8000
5;9000
5;64000
5;3000
5;11600
5;5400
5;25000
5;11600
5;11600
5;12000
5;11600
5;5400
5;19800
5;21300
5;5400
5;5400
5;11600
5;35000
5;5400
5;8000
5;1780
5;33000
5;11600
5;5400
5;2500
5;11600
5;5400
5;11600
5;2000
5;30000
5;25000
5;2500
5;25000
5;5400
5;45000
5;5400
5;20000
5;40000
5;10000
5;5400
5;5400
5;5400
5;50000
5;11600
5;63000
5;5400
5;5400
5;5400
5;10000
5;5400
5;21300
5;6000
5;55000
5;21300
5;11600
5;10000
5;46000
5;11600
5;6000
5;30000
5;10000
5;29000
5;11000
5;20000
5;35000
5;22000
5;5400
5;30000
5;11600
5;5400
5;1000
5;3000
5;1000
5;5400
5;45000
5;11600
5;5400
5;60000
5;11600
5;3000
5;11600
5;5400
5;11600
5;5400
5;50000
5;17100
5;17100
5;11600
5;13150
5;15000
5;11600
5;31000
5;24900
5;30000
5;11600
5;66000
5;34000
5;5400
5;15000
5;33000
5;5400
5;5400
5;10000
5;11600
5;2500
5;10000
5;45000
5;60000
5;50000
5;75000
5;30000
5;11600
5;46500
5;6500
5;11600
5;11600
5;35000
5;9000
5;6000
5;31000
5;15000
5;2000
5;10000
5;21300
5;11600
5;21300
5;65000
5;5400
5;65000
5;5400
5;11600
5;18000
5;20000
5;4000
5;15000
5;2000
5;11600
5;3000
5;50000
5;5400
5;5400
5;1000
5;8600
5;6000
5;11600
5;5400
5;11600
5;5900
5;13000
5;20000
5;11600
5;4000
5;50000
5;60000
5;35000
5;2990
5;15000
5;50000
5;5400
5;75000
5;5400
5;24900
5;57000
5;5400
5;1000
5;15000
5;50000
5;5400
5;1000
5;5400
5;8000
5;5400
5;35000
5;46000
5;40000
5;11600
5;5400
5;13000
5;5400
5;70000
5;5400
5;1000
5;1500
5;11600
5;6000
5;5400
5;15000
5;2580
5;2000
5;11600
5;7500
5;30000
5;5400
5;5400
5;30000
5;44000
5;11600
5;17100
5;11600
5;5400
5;2690
5;6500
5;17100
5;10000
5;5400
5;11600
5;15000
5;11600
5;21300
5;5400
5;3000
5;5400
5;11600
5;5400
5;17100
5;11600
5;8000
5;5400
5;11600
5;3000
5;18000
5;20000
5;35500
5;35000
5;11000
5;15000
5;5400
5;4500
5;45000
5;11600
5;30000
5;5400
5;2000
5;5400
5;11600
5;30000
5;17100
5;5400
5;11600
5;5400
5;17100
5;11600
5;18500
5;5400
5;17100
5;5400
5;11600
5;5400
5;40000
5;21300
5;10000
5;5400
5;4000
5;11600
5;7000
5;5400
5;15000
5;25000
5;30000
5;65000
5;4000
5;11600
5;11600
5;5400
5;15000
5;10000
5;11600
5;7500
5;7200
6;11600
6;5400
6;2500
6;5000
6;11600
6;5400
6;19000
6;20000
6;17100
6;5400
6;11600
6;6000
6;5400
6;4000
6;5400
6;11600
6;2000
6;5400
6;10000
6;13000
6;3000
6;15000
6;4000
6;77000
6;35000
6;5400
6;11600
6;44000
6;3100
6;11600
6;76000
6;5400
6;5400
6;4000
6;11600
6;11600
6;17100
6;11600
6;11600
6;5400
6;71000
6;50000
6;30000
6;11600
6;11600
6;30000
6;11600
6;10000
6;16000
6;1000
6;5400
6;17100
6;5400
6;5400
6;100000
6;5400
6;5400
6;2500
6;11600
6;38000
6;35000
6;5400
6;17100
6;4000
6;70000
6;45000
6;20000
6;10000
6;5400
6;10000
6;5400
6;5400
6;5400
6;25000
6;50000
6;11600
6;6000
6;11600
6;11600
6;11600
6;25000
6;11600
6;11600
6;15000
6;35000
6;10000
6;17100
6;1500
6;11600
6;12500
6;28000
6;11600
6;11600
6;11600
6;8000
6;11600
6;5400
6;5400
6;5400
6;5400
6;5400
6;5400
6;26000
6;20000
6;11600
6;17100
6;5400
6;64000
6;12500
6;15000
6;5400
6;71000
6;5400
6;2500
6;5400
6;15000
6;25000
6;5400
6;40000
6;11600
6;17100
6;5000
6;5400
6;17100
6;11600
6;3000
6;12000
6;5400
6;11600
6;5000
6;5400
6;11600
6;5400
6;21300
6;40000
6;5030
6;15000
6;12500
6;5400
6;11600
6;4000
6;30000
6;17100
6;7000
6;40000
6;60000
6;12000
6;6000
6;11600
6;11600
6;15000
6;15000
6;5400
6;11600
6;30000
6;13000
6;45000
6;40000
6;17100
6;17000
6;8000
6;2000
6;5400
6;20000
6;11600
6;5400
6;8000
6;67000
6;6389
6;50000
6;15000
6;12000
6;5400
6;55000
6;5000
6;4000
6;33000
6;600
6;10000
6;4000
6;10000
6;20000
6;11600
6;11600
6;5000
6;130000
6;20000
6;5400
6;8000
6;5400
6;5400
6;7000
6;75000
6;12000
6;5400
6;12000
6;35000
6;100000
6;46201
6;13000
6;11600
6;2500
6;56000
6;11600
6;5400
6;10000
6;20000
6;17100
6;11600
6;23210
6;15000
6;11600
6;5400
6;6000
6;5400
6;11600
6;20000
6;14000
6;7000
6;70000
6;10000
6;40000
6;20000
6;11600
6;30000
6;50000
6;11600
6;8000
6;5400
6;7000
6;12000
6;8000
6;5400
6;15000
6;3000
6;31000
6;11600
6;11600
6;11600
6;3500
6;62000
6;11600
6;70000
6;11600
6;11600
6;2000
6;54000
6;5400
6;5400
6;40000
6;5400
6;11600
6;65000
6;19200
6;11600
6;6000
6;15000
6;70000
6;40000
6;20000
6;5400
6;4000
6;6000
6;45000
6;10000
6;7500
6;54000
6;11600
6;5400
6;11600
6;27500
6;11600
6;8000
6;11600
6;40000
6;3000
6;8000
6;9000
6;50000
6;23500
6;50000
6;11600
6;43000
6;39000
6;11600
6;30000
6;10000
6;7000
6;5400
6;5000
6;11600
6;15000
6;11600
6;21300
6;5400
6;25000
6;9000
6;11600
6;3000
6;8000
6;50000
6;6000
6;11600
6;15000
6;11600
6;5400
6;8000
6;8000
6;5400
6;700
6;5400
6;20000
6;20000
6;11600
6;56000
6;14000
6;3000
6;11600
6;81000
6;20000
6;11600
6;10000
6;11600
6;6900
6;7000
6;11600
6;1000
6;12000
6;8000
6;5400
6;11600
6;3000
6;2600
6;5400
6;42000
6;11600
6;5500
6;9000
6;1500
6;11600
6;3000
6;15000
6;10000
6;30000
6;5400
6;4000
6;6000
6;5400
6;17100
6;5400
6;5400
6;11600
6;5000
6;25000
6;12000
6;5400
6;11600
6;5400
6;11600
6;18200
6;30000
6;13800
6;5400
6;11600
6;5400
6;11600
6;58000
6;11600
6;11600
6;11600
7;7500
7;5400
7;5400
7;2000
7;11600
7;5000
7;7000
7;11600
7;12000
7;5400
7;5400
7;20000
7;17100
7;5400
7;65500
7;5000
7;2000
7;5400
7;5400
7;21300
7;5400
7;2000
7;5400
7;5400
7;5400
7;15000
7;5400
7;10000
7;5400
7;5400
7;14000
7;5000
7;5400
7;5400
7;7500
7;8000
7;5400
7;1000
7;5400
7;5400
7;11600
7;5400
7;17100
7;5400
7;11600
7;2000
7;11600
7;3000
7;11600
7;11600
7;70000
7;11600
7;38000
7;11600
7;5000
7;5400
7;7000
7;5400
8;11600
8;5400
8;5400
8;15000
8;11600
8;5400
8;11600
8;12000
8;17100
8;11600
8;11600
8;5400
8;3000
8;15000
8;6000
8;44000
8;65000
8;5400
8;15000
8;8200
8;7000
8;6000
8;80000
8;30000
8;40000
8;15000
8;15000
8;5400
8;4000
8;5400
8;15000
8;11600
8;3500
8;9000
8;2000
8;5400
8;66300
8;10660
8;45000
8;13000
8;5400
8;5400
8;6000
8;5400
8;5400
8;11600
8;63000
8;100000
8;17100
8;11000
8;25000
8;5400
8;5400
8;15000
8;58000
8;11600
8;68000
8;5400
8;10000
8;5400
8;11600
8;60300
8;11600
8;15000
8;3000
8;11600
8;1300
8;17100
8;20000
8;25000
8;40000
8;10500
8;65000
8;5400
8;10000
8;4000
8;15000
8;1000
8;5400
8;35000
8;33000
8;10000
8;5400
8;11600
8;50000
8;1000
8;17100
8;5400
8;11600
8;15000
8;5500
8;11600
8;30000
8;4000
8;34000
8;38000
8;800
8;15000
8;59000
8;20000
8;30000
8;5400
8;11600
8;5400
8;5400
8;20000
8;5400
8;5400
8;11600
8;4000
8;11600
8;15000
8;10000
8;11600
8;54500
8;5400
8;5400
8;12000
8;50000
8;6000
8;11600
8;15000
8;11600
8;11600
8;6000
8;50000
8;40000
8;15000
8;55000
8;2000
8;15000
8;5400
8;16000
8;5400
8;28000
8;5400
8;11600
8;35000
8;11600
8;7000
8;5400
8;36000
8;7200
8;11600
8;11600
8;5400
8;20000
8;35000
8;38000
8;8000
8;5400
8;7000
8;11600
8;10000
8;17100
8;5400
8;7000
8;50000
8;23000
8;30000
8;11600
8;21300
8;11600
8;74000
8;6000
8;11600
8;11600
8;30000
8;45000
8;11600
8;5400
8;11600
8;17100
8;5400
8;30000
8;31500
8;17100
8;15000
8;10000
8;30000
8;2300
8;11600
8;11600
8;5000
8;5400
8;2165
8;11600
8;30000
8;18500
8;11600
8;11600
8;5400
8;45000
8;11600
8;49000
8;35000
8;1000
8;90000
8;2750
8;8000
8;46000
8;11600
8;46000
8;16000
8;23000
8;58000
8;21000
8;11600
8;5400
8;8000
8;6000
8;10000
8;12500
8;55000
8;2000
8;11600
8;12000
8;11600
8;5400
8;30000
8;24000
8;2000
8;5400
8;25000
8;11600
8;11600
8;1800
8;11600
8;12500
8;5400
8;12000
8;35000
8;20000
8;5400
8;52000
8;11600
8;11600
8;11600
8;60500
8;53000
8;5400
8;5000
8;17100
8;20000
8;22000
8;11600
8;5400
8;15000
8;9900
8;50000
8;36370
8;6000
8;2000
8;15000
8;29835
8;5000
8;4000
8;13000
8;12000
8;40000
8;6000
8;42600
8;11600
8;45000
8;50000
8;11600
8;5400
8;11600
8;5500
8;1500
8;17100
8;7500
8;21000
8;46500
8;5000
8;11600
8;11600
8;20000
8;100000
8;37000
8;7000
8;50000
8;13580
8;21300
8;17100
8;10000
8;75000
8;5400
8;35000
8;13000
8;21300
8;11600
8;5400
8;15000
8;22000
8;21300
8;11600
8;10000
8;15000
8;5400
8;21300
8;3500
8;16600
8;5000
8;5400
8;5400
8;10000
8;50000
8;15000
8;5400
8;2000
8;11600
8;14000
8;60000
8;12000
8;55000
8;5000
8;5000
8;20000
8;60000
8;7000
8;11600
8;5000
8;17100
8;50000
8;50000
8;2000
8;14000
8;45000
8;4000
8;17100
8;60000
8;5890
8;8000
8;70000
8;11600
8;5400
8;6000
8;17562
8;11600
8;30000
8;5400
8;25000
8;35100
8;15000
8;11600
8;4000
8;10000
8;11600
8;21300
8;11600
8;5400
8;5400
8;5400
8;10000
8;35000
8;5400
8;5400
8;6200
8;11600
8;11600
8;4600
8;55000
8;13000
8;5400
8;21300
8;46000
8;8000
8;45000
8;84000
8;50000
8;80000
8;6500
8;11600
8;30000
8;16000
8;56000
8;5400
8;17100
8;20000
8;5400
8;5400
8;48000
8;7500
8;11600
8;61000
8;12000
8;15000
8;30000
8;5400
8;17100
8;11600
8;4500
8;15000
8;5400
8;70000
8;90000
8;2000
8;11600
8;11600
8;5400
8;11600
8;10000
8;4500
8;9000
8;11600
8;40000
8;5400
8;5400
8;40000
8;5400
8;5400
8;4500
8;28000
8;30000
8;3000
8;11600
8;21300
8;17100
8;11600
8;5400
8;52000
8;11600
8;5400
8;10000
8;4700
8;8000
8;25000
8;5400
8;30000
8;35000
8;5400
8;41000
8;11600
8;7000
8;21300
8;25000
8;16500
8;13200
8;11600
8;3000
8;5400
8;11600
8;2000
8;17100
8;11600
8;5500
8;11600
8;11600
8;10000
8;30000
8;5400
8;32000
8;28500
8;5400
8;2000
8;20000
8;33000
8;11600
8;11600
8;12700
8;55000
8;5400
8;11600
8;11600
8;5400
8;11600
8;55000
8;15000
8;17100
8;2000
8;21000
8;2935
8;19000
8;32000
8;25000
8;3500
8;2500
8;20000
8;11600
8;5400
8;70000
8;1000
8;5400
8;11600
8;78000
8;15000
8;8000
8;50000
8;11600
8;6000
8;5500
8;28000
8;17100
8;72000
8;5400
8;5400
8;5400
8;5400
8;11600
8;5400
8;11600
8;25000
8;5400
8;50000
8;53400
8;45000
8;10000
8;5400
8;25000
8;50000
8;3000
8;6000
8;13000
8;35000
8;8500
8;20000
8;15000
8;25000
8;45000
8;21500
8;25000
8;5400
8;50000
8;2000
8;10000
8;5400
8;5400
8;11600
8;2000
8;5400
8;11600
8;14000
8;15000
8;8000
8;11600
8;6000
8;5400
8;11600
8;30000
8;50000
8;20000
8;12000
8;5000
8;17100
8;11600
8;31000
8;45000
8;28373
8;60000
8;5400
8;5400
8;20000
8;6000
8;11600
8;8000
8;2800
8;5400
8;56000
8;8000
8;28100
8;45000
8;11600
8;9500
8;74000
8;5000
8;8000
8;15000
8;5400
8;11600
8;5000
8;9500
8;11600
8;5400
8;5400
8;5400
8;11600
8;5400
8;11600
8;5400
8;7000
8;30000
8;30000
8;5400
8;75000
8;5400
8;9500
8;17100
8;8000
8;5400
8;45000
8;2000
8;2000
8;9000
8;12000
8;11600
8;8000
8;11600
8;5400
8;21300
8;7000
8;19000
8;10000
8;2000
8;70000
8;11600
8;10000
8;5400
8;11600
8;11600
8;11600
8;14000
8;4000
8;17000
8;5400
8;17100
8;5400
8;5400
8;2000
8;4000
8;5400
8;12000
8;11600
8;5400
8;11600
8;15000
8;16000
8;5000
8;70000
8;27900
8;11600
8;10000
8;2500
8;65000
8;5000
8;5000
8;6000
8;40000
8;2600
8;11600
8;5400
8;15000
8;5400
8;5000
8;13000
8;11600
8;5400
8;64000
8;57000
8;5400
8;8000
8;49000
8;15000
8;60000
8;15000
8;6000
8;11600
8;12000
8;8000
8;33000
8;2500
8;600
8;11600
8;40000
8;17100
8;11600
8;17100
8;20000
8;50000
8;3000
8;7000
8;20000
8;45200
8;10000
8;14000
8;6000
8;49000
8;36924
8;11600
8;43000
8;5400
8;5400
8;5400
8;10000
8;28500
8;32300
8;11600
8;15000
8;5400
8;25000
8;11600
8;40000
8;11600
8;11600
8;11600
8;6000
8;5400
8;600
8;25000
8;53000
8;23000
8;11600
8;32000
8;7000
9;7000
9;17100
9;8000
9;5000
9;90000
9;4000
9;30000
9;11600
9;5000
9;11600
9;5400
9;60000
9;70000
9;10000
9;6000
9;27000
9;11600
9;5400
9;30000
9;15000
9;10000
9;1000
9;30000
9;11600
9;11600
9;21500
9;10000
9;11600
9;5400
9;2500
9;2000
9;25000
9;7000
9;75000
9;21300
9;1500
9;25300
9;78200
9;62000
9;26000
9;10000
9;25000
9;45000
9;5400
9;6000
9;11600
9;12000
9;11600
9;10000
9;43000
9;3500
9;35000
9;5400
9;45000
9;6000
9;10700
9;2500
9;6500
9;11600
9;30000
9;45000
9;2500
9;5000
9;15000
9;50000
9;10000
9;45000
9;5400
9;5400
9;35000
9;3500
9;30000
9;17100
9;60000
9;8161
9;5400
9;22700
9;29000
9;11600
9;8000
9;20000
9;5400
9;11600
9;11600
9;17100
9;10000
9;1000
9;10000
9;1600
9;5400
9;41000
9;17000
9;60000
9;11600
9;5400
9;11600
9;8000
9;5400
9;10000
9;21300
9;7000
9;5400
9;15000
9;8000
9;5000
9;31356
9;40000
9;5400
9;5400
9;7000
9;5000
9;9000
9;5400
9;17100
9;5400
9;11600
9;5400
9;5400
9;5400
9;5400
9;20000
9;6500
9;2000
9;16000
9;45000
9;15500
9;25000
9;5400
9;5400
9;10000
9;3000
9;11600
9;1000
9;12000
9;20000
9;11600
9;60000
9;36000
9;5400
9;6000
9;2000
9;56000
9;10000
9;93000
9;4000
9;11600
9;5500
9;20000
9;1600
9;10000
9;5400
9;58500
9;11600
9;11600
9;2950
9;12000
9;70000
9;2000
9;21300
9;5600
9;5400
9;3500
9;12000
9;6400
9;30000
9;10000
9;5400
9;5400
9;15000
9;2000
9;5400
9;8000
9;5400
9;5400
9;29000
9;7500
9;5400
9;1000
9;11600
9;31000
9;5400
9;6000
9;5400
9;5000
9;15000
9;11600
9;28000
9;7500
9;7000
9;55000
9;11600
9;11300
9;5400
9;17000
9;11600
9;11600
9;6000
9;1668
9;6000
9;11600
9;4000
9;7000
9;11600
9;11600
9;5000
9;8000
9;16000
9;30000
9;5400
9;3000
9;30000
9;5400
9;1440
9;5400
9;12500
9;11600
9;3000
9;60000
9;11600
9;21300
9;5400
9;11600
9;44225
9;35000
9;5000
9;62000
9;15000
9;5400
9;5400
9;38550
9;11600
9;5400
9;5400
9;10000
9;11600
9;11600
9;100000
9;11600
9;11600
9;5400
9;11600
9;2500
9;5000
9;21000
9;7000
9;11600
9;6000
9;35000
9;10000
9;2000
9;8000
9;5400
9;2000
9;9000
9;3000
9;5400
9;10000
9;11600
9;11600
9;11600
9;11600
9;11600
9;21000
9;30000
9;4000
9;5400
9;5400
9;11600
9;26000
9;5400
9;35000
9;10000
9;70000
9;5400
9;21000
9;3500
9;13000
9;45000
9;20000
9;11600
9;11600
9;5000
9;11600
9;25000
9;5400
9;11600
9;70000
9;5400
9;6000
9;17100
9;40000
9;10000
9;5400
9;5400
9;11600
9;5000
9;7500
9;30000
9;5400
9;21300
9;5400
9;62673
9;5400
9;10000
9;5400
9;4000
9;62100
9;11600
9;5000
9;11600
9;5400
9;16000
9;11600
9;1000
9;10000
9;21300
9;11600
9;11600
9;11600
9;11600
9;5400
9;8000
9;7000
9;5000
9;5400
9;55000
9;11600
9;10000
9;25000
9;8000
9;15000
9;11600
9;5400
9;4000
9;4500
9;38000
9;15000
9;11600
9;17100
9;8000
9;5400
9;50000
9;11600
9;5400
9;28500
9;5000
9;50000
9;11600
9;35000
9;11600
9;11600
9;11600
9;5400
9;11600
9;7000
9;18000
9;6000
9;10000
9;22000
9;10000
9;11600
9;5400
9;11600
9;11600
9;5400
9;7500
9;5400
9;20000
9;2500
9;3000
9;10000
9;11600
9;4500
9;10000
9;18968
9;10500
9;25000
9;20000
9;30000
9;45000
9;28000
9;6000
9;5400
9;66000
9;9000
9;11600
9;35000
9;11600
9;6000
9;4500
9;7000
9;20100
9;11600
9;11600
9;11600
9;11600
9;6000
9;11600
9;17100
9;5400
9;5400
9;2000
9;20000
9;51500
9;12100
9;11600
9;5400
9;62000
9;2000
9;1500
9;22000
9;7000
9;5400
9;30000
9;20000
9;11600
9;11600
9;63000
9;10000
9;11600
9;3000
9;11600
9;11600
9;20000
9;11600
9;2000
9;16000
9;10000
9;5400
9;46000
9;10000
9;10000
9;17100
9;65000
9;13000
9;20000
9;30000
9;30000
9;8000
9;11600
9;59000
9;7000
9;11600
9;20000
9;17100
9;4000
9;45000
9;23000
9;8500
9;52000
9;10000
9;11600
9;5400
9;12000
9;10000
9;15000
9;50000
9;11600
9;6000
9;10000
9;11600
9;3500
9;7800
9;62000
9;10000
9;11600
9;45000
9;8000
9;40000
9;5400
9;30000
9;5400
9;8000
9;5400
9;9000
9;12200
9;17100
9;600
9;11600
9;11600
9;1500
9;5600
9;11600
9;18000
9;5000
9;3000
9;21300
9;10000
9;15000
9;6000
9;7000
9;13000
9;7500
9;5400
9;5400
9;17000
9;5400
9;5400
9;11600
9;7000
9;50000
9;7000
9;5400
9;11600
9;11600
9;11600
9;65000
9;11000
9;600
10;11600
10;6000
10;8000
10;21300
10;6000
10;65000
10;1800
10;5400
10;5000
10;15000
10;5400
10;11600
10;17100
10;5400
10;78000
10;8000
10;11600
10;22000
10;11600
10;17100
10;11600
10;12000
10;11600
10;6000
10;1000
10;11600
10;60000
10;17100
10;21300
10;50000
10;10000
10;8000
10;17100
10;11600
10;11600
10;46000
10;11600
10;7000
10;5400
10;8000
10;12000
10;14000
10;5400
10;11600
10;35000
10;11600
10;5400
10;11600
10;7000
10;15000
10;15000
10;5400
10;5400
10;48075
10;21300
10;10000
10;5000
10;5400
10;11600
10;7500
10;11600
10;11600
10;70000
10;2000
10;50000
10;30000
10;12000
10;5500
10;8000
10;11600
10;36000
10;4000
10;22500
10;28000
10;18200
10;60000
10;6000
10;15000
10;11600
10;7200
10;64000
10;3000
10;10000
10;50500
10;11600
10;23000
10;5400
10;5400
10;14000
10;5400
10;23500
10;32600
10;11600
10;5400
10;10000
10;2500
10;10000
10;5400
10;4332
10;45000
10;5400
10;17100
10;13000
10;5400
10;50000
10;5400
10;45000
10;7500
10;11600
10;3000
10;12000
10;10000
10;3500
10;1891
10;50000
10;5400
10;17100
10;7000
10;5400
10;4000
10;17100
10;5400
10;44000
10;5400
10;5400
10;20000
10;25000
10;5400
10;5400
10;3000
10;5000
10;26000
10;5000
10;10300
10;11600
10;1500
10;1601
10;11600
10;12000
10;44000
10;10000
10;11600
10;17100
10;5000
10;18000
10;15000
10;5400
10;8000
10;10000
10;21300
10;18000
10;40000
10;11600
10;24000
10;9000
10;10000
10;15000
10;5400
10;3000
10;11600
10;5500
10;17100
10;5400
10;67000
10;22600
10;11600
10;5400
10;17100
10;36529
10;5900
10;8000
10;15000
10;11600
10;54000
10;5400
10;5400
10;21300
10;5400
10;5400
10;2000
10;35000
10;15000
10;11600
10;15000
10;11600
10;28500
10;65000
10;14000
10;17100
10;12500
10;5400
10;10000
10;21300
10;17100
10;21300
10;4000
10;5400
10;8000
10;6000
10;6000
10;5000
10;5400
10;5400
10;12000
10;11600
10;21000
10;8000
10;5400
10;2000
10;2000
10;5400
10;11600
10;10000
10;11600
10;3000
10;11600
10;5000
10;50000
10;5400
10;11600
10;5400
10;17100
10;6500
10;40000
10;10000
10;5400
10;1758
10;16000
10;11600
10;5400
10;11600
10;6700
10;11600
10;12500
10;10000
10;11600
10;2500
10;33000
10;8000
10;2000
10;6000
10;11600
10;6000
10;20000
10;11600
10;5400
10;12000
10;1500
10;2500
10;65000
10;3000
10;11600
10;37000
10;11600
10;16000
10;9000
10;5400
10;15000
10;5400
10;12500
10;1188
10;10000
10;10000
10;8000
10;11600
10;8000
10;11600
10;11600
10;5400
10;11600
10;17100
10;10000
10;2500
10;11600
10;5400
10;5000
10;5400
10;11000
10;3235
10;1500
10;11600
10;17100
10;21300
10;5400
10;17100
10;15000
10;11600
10;5400
10;30000
10;15000
10;5400
10;4500
10;45000
10;11600
10;5400
10;5400
10;6000
10;10000
10;5400
10;11600
10;15000
10;5400
10;2000
10;2000
10;2500
10;50000
10;1000
10;25000
10;7500
10;8000
10;9000
10;5400
10;20000
10;5400
10;11600
10;5400
10;11600
10;5400
10;20000
10;20000
10;5400
10;5400
10;25000
10;50000
10;2000
10;5000
10;10000
10;12500
10;70000
10;11600
10;17100
10;2000
10;10000
10;11600
10;5400
10;5400
10;11600
10;15000
10;26000
10;9000
10;5400
10;11600
10;14000
10;3000
10;5400
10;17100
10;28000
10;20000
10;5400
10;65600
10;60000
10;5400
10;5400
10;5400
10;17100
10;600
10;11600
10;2000
10;65000
10;12500
10;2500
10;5400
10;7000
10;1000
10;1000
10;5400
10;5400
10;11600
10;3000
10;51000
10;6000
10;15000
10;5400
10;6000
10;5400
10;5400
10;10000
10;11600
10;15000
10;11600
10;11600
10;21300
10;5400
10;11600
10;5400
10;3690
10;60000
10;21300
10;11600
10;7000
10;17100
10;16000
10;11600
10;5400
10;4500
10;5000
10;10000
10;30000
10;2000
10;2000
10;5400
10;5400
10;5400
10;15552
10;17100
10;11600
10;2500
10;5400
10;1000
10;2000
10;2600
10;5000
10;15000
10;6000
10;5400
10;11600
10;5400
10;11600
10;11600
10;11600
10;21300
10;3000
10;17100
10;13000
10;11600
10;52000
10;30000
10;17100
10;17100
10;28000
10;40000
10;12000
10;40000
10;10000
10;10000
10;12000
10;5400
10;5400
10;5400
10;20000
10;11600
10;32000
10;43000
10;54000
10;7000
10;30000
10;28000
10;3000
10;5400
10;6000
10;12500
10;10000
10;24900
10;12500
10;50000
10;5000
10;9500
10;11600
10;3000
10;13000
10;7000
10;3000
10;20000
10;5400
10;55000
10;79400
10;5400
10;28000
10;55000
10;5400
10;11600
10;12000
10;6000
10;5400
10;38000
10;12000
10;11600
10;20000
10;600
10;55000
10;25000
10;5000
10;5400
10;23000
10;48000
10;8000
10;5400
10;11600
10;5800
10;6000
10;10000
10;3000
10;12000
10;11600
10;11600
10;5400
10;1600
10;11600
10;5400
10;3000
10;5000
10;11600
10;21000
10;35000
10;34600
10;11600
10;30000
10;10000
10;12900
10;40000
10;6000
10;17000
10;11600
10;17100
10;8000
10;3000
11;6000
11;12500
11;5000
11;45200
11;15000
11;22000
11;5400
11;8000
11;5400
11;21300
11;12000
11;11600
11;84000
11;17100
11;16300
11;20000
11;5400
11;3500
11;26000
11;11600
11;6200
11;6000
11;5400
11;12000
11;11600
11;5400
11;7300
11;5000
11;5400
11;7000
11;5400
11;11600
11;15000
11;3500
11;5400
11;71000
11;5400
11;2000
11;5400
11;20000
11;5400
11;6000
11;5400
11;55500
11;5400
11;5400
11;4000
11;1400
11;31540
11;21300
11;30000
11;60000
11;25000
11;30000
11;11600
11;75000
11;11600
11;2000
11;60000
11;17100
11;11600
11;5400
11;6000
11;20000
11;11600
11;20102
11;36000
11;11600
11;11600
11;11600
11;17100
11;4000
11;30000
11;5400
11;5400
11;11600
11;5400
11;13500
11;10000
11;4000
11;20000
11;43000
11;17100
11;22000
11;60000
11;5400
11;3000
11;5400
11;12500
11;5400
11;9000
11;3000
11;7500
11;11600
11;48000
11;2000
11;11600
11;5400
11;5400
11;7000
11;5000
11;9000
11;20000
11;11600
11;11600
11;5400
11;9000
11;20000
11;7000
11;10000
11;5400
11;5400
11;6000
11;17100
11;11600
11;12000
11;5400
11;5400
11;13000
11;4000
11;31000
11;5400
11;7000
11;3000
11;11600
11;17100
11;5400
11;6000
11;11600
11;17100
11;11600
11;20000
11;10000
11;4000
11;1500
11;8000
11;5000
11;3000
11;12500
11;8500
11;11000
11;2000
11;25000
11;28000
11;12000
11;1500
11;11600
11;35000
11;80000
11;5400
11;17100
11;5400
11;14000
11;58800
11;3000
11;16000
11;5000
11;8000
11;5400
11;32000
11;11600
11;13000
11;5400
11;3000
11;5400
11;5400
11;5400
11;11600
11;45000
11;5000
11;15000
11;16000
11;7000
11;11600
11;8000
11;2500
11;20000
11;2000
11;11600
11;11600
11;3000
11;5400
11;11600
11;5000
11;35000
11;5000
11;35000
11;4000
11;20000
11;1000
11;5400
11;55000
11;11600
11;7000
11;30000
11;14000
11;12000
11;71000
11;6000
11;11600
11;20800
11;5400
11;15000
11;15000
11;22000
11;13000
11;5400
11;11600
11;5400
11;17100
11;5400
11;45000
11;15000
11;12500
11;5000
11;40000
11;11600
11;19000
11;11600
11;12000
11;15000
11;2000
11;60000
11;1701
11;10000
11;11600
11;11600
11;6000
11;11600
11;3500
11;49000
11;6000
11;5400
11;5400
11;5400
11;54000
11;11600
11;15000
11;12000
11;10000
11;56000
11;7000
11;5400
11;11600
11;40000
11;11600
11;5500
11;15000
11;12000
11;5400
11;21300
11;56000
11;2200
11;11600
11;10000
11;6000
11;1000
11;5400
11;5400
11;21300
11;36500
11;11600
11;2000
11;9000
11;4800
11;5400
11;11600
11;3000
11;15000
11;5000
11;4000
11;11600
11;5400
11;10000
11;11600
11;5000
11;60000
11;7500
11;4000
11;5400
11;17100
11;8500
11;60000
11;3000
11;1500
11;12500
11;60000
11;9000
11;5400
11;8000
11;10000
11;5400
11;15000
11;15000
11;5400
11;11000
11;11600
11;63000
11;11600
11;5400
11;5400
11;2500
11;11600
11;11600
11;12000
11;11600
11;17100
11;5400
11;63000
11;11600
11;2000
11;11600
11;5400
11;5400
11;7000
11;23000
11;12500
11;10000
11;17100
11;5400
11;17100
11;2500
11;40000
11;5400
11;11600
11;80000
11;11600
11;2300
11;11600
11;8000
11;15000
11;5400
11;1200
11;56500
11;50000
11;10000
11;18000
11;11600
11;5400
11;24000
11;10000
11;5400
11;7300
11;5400
11;5400
11;3000
11;49000
11;30000
11;20000
11;11600
11;5400
11;5400
11;11600
11;3000
11;7000
11;12500
11;50000
11;5000
11;11600
11;17100
11;9000
11;10000
11;17100
11;5400
11;5000
11;11600
11;6000
11;22000
11;11600
11;11600
11;28000
11;6000
11;17100
11;10000
11;3000
11;11600
11;11600
11;6000
11;11600
11;2000
11;24000
11;52000
11;11600
11;7000
11;6000
11;11600
11;26000
11;9000
11;10000
11;8000
11;5400
11;11600
11;11600
11;11600
11;11600
11;5400
11;11600
11;5400
11;10000
11;33000
11;6000
11;4000
11;11600
11;3000
11;50000
11;50000
11;25000
11;45000
11;5400
11;5400
11;4000
11;11600
11;5000
11;5400
11;22100
11;11600
11;5400
11;11600
11;12000
11;65000
11;4000
11;13000
11;4000
11;5000
11;53000
11;5500
11;11600
11;15000
11;5400
11;5400
11;30000
11;11600
11;6700
11;11600
11;11000
11;25000
11;11600
11;15000
11;11600
11;5500
11;21300
11;7000
11;5400
11;12500
11;5000
11;12500
11;7000
11;30000
11;11600
11;11000
11;5400
11;5400
11;12500
11;5000
11;7000
11;11600
11;17100
11;5400
11;5400
11;15000
11;5400
11;8300
11;4000
11;15000
11;7000
11;29000
11;15000
11;3000
11;12500
11;2000
11;11600
11;15000
11;3000
11;11600
11;2800
11;3500
11;20000
11;4000
11;2000
11;6000
11;26000
11;15000
11;21300
11;5400
11;33000
11;5400
12;11600
12;17100
12;11600
12;3000
12;22000
12;2300
12;5400
12;15000
12;5400
12;11600
12;1500
12;17100
12;11600
12;5400
12;12000
12;11600
12;5000
12;7000
12;5400
12;11600
12;35000
12;30000
12;12000
12;20000
12;1000
12;2900
12;15000
12;2000
12;5400
12;10000
12;4000
12;5400
12;5400
12;7000
12;29000
12;5400
12;11600
12;5400
12;5400
12;5400
12;11600
12;4500
12;11600
12;2000
12;11000
12;15000
12;58000
12;11600
12;5400
12;5400
12;5400
12;6000
12;55000
12;1000
12;2500
12;11600
12;1500
12;5400
12;3000
12;11600
12;5400
12;3000
12;55000
12;15000
12;18000
12;5400
12;10000
12;5400
12;4000
12;5400
12;5400
12;20000
12;11600
12;21300
12;11600
12;11600
12;10000
12;2000
12;17100
12;25000
12;11600
12;5400
12;1000
12;35400
12;11600
12;5400
12;11600
12;16000
12;5000
12;20000
12;11600
12;10000
12;5400
12;30000
12;1500
12;5400
12;5400
12;5000
12;17100
12;35000
12;6000
12;2000
12;5000
12;7000
12;4000
12;11600
12;7500
12;11600
12;5400
12;11600
12;11600
12;2000
12;11600
12;11600
12;14000
12;5400
12;20000
12;8500
12;11600
12;1800
12;46000
12;3000
12;9000
12;7000
12;5400
12;11600
12;3000
12;12000
12;5000
12;11600
12;6000
12;21300
12;7500
12;5400
12;40000
12;9000
12;22000
12;15000
12;2500
12;10000
12;20000
12;30000
12;10000
12;20000
12;18000
12;30000
12;7500
12;12500
12;10000
12;17100
12;1000
12;15000
12;5400
12;11600
12;2000
12;11600
12;6000
12;18000
12;2500
12;5400
12;17100
12;15000
12;11600
12;5400
12;5400
12;5400
12;7500
12;5000
12;11600
12;4300
12;4500
12;3500
12;2000
12;10000
12;11600
12;1600
12;21300
12;15000
12;10000
12;11600
12;5400
12;17100
12;5400
12;2500
12;5400
12;45000
12;15900
12;5400
12;13000
12;5000
12;12500
12;11300
12;3000
12;15000
12;11600
12;5500
12;30000
12;11600
12;7000
12;5000
12;5000
12;7000
12;10000
12;10000
12;17100
12;36000
12;11600
12;5400
12;71000
12;11000
12;2000
12;11600
12;5400
12;4200
12;43000
12;8000
12;11600
12;11600
12;5400
12;11600
12;5400
12;5400
12;8000
12;3000
12;5000
12;27000
12;5000
12;5400
12;17100
12;11600
12;1990
12;16000
12;24000
12;3000
12;5400
12;1500
12;10000
12;5400
12;10000
12;11600
12;12000
12;12000
12;5400
12;5000
12;55000
12;52500
12;25000
12;10000
12;11600
12;2000
12;22000
12;5400
12;6000
12;21300
12;5400
12;65000
12;5400
12;1000
12;17100
12;40000
12;5400
12;6000
12;1000
12;5400
12;5400
12;25000
12;5400
12;8000
12;16000
12;15000
12;2000
12;3506
12;11600
12;12500
12;1800
12;7100
12;24000
12;5400
12;5400
12;17000
12;20000
12;11600
12;8000
12;5000
12;10000
12;5400
12;7000
12;6000
12;6000
12;5400
12;70000
12;7000
12;5000
12;2000
12;45000
12;1000
12;3500
12;4000
12;7000
12;3000
12;9000
12;2000
12;5400
12;5400
12;53500
12;41000
12;37700
12;25000
12;11600
12;4000
12;43000
12;5400
12;5400
12;11600
12;10000
12;11600
12;7000
12;13000
12;11600
12;8000
12;30000
12;2000
12;10000
12;2000
12;15000
12;45000
12;11600
12;17100
12;11600
12;30000
12;25000
12;11600
12;8000
12;5400
12;5400
12;78000
12;30000
12;21300
12;5400
12;6000
12;2000
12;38000
12;21300
12;10000
12;6000
12;5400
12;5400
12;5000
12;17100
12;15000
12;11600
12;5400
12;10000
12;14300
12;10000
12;3000
12;7000
12;5000
12;30000
12;10000
12;50000
12;1500
12;6000
12;15000
12;11000
12;6000
12;2000
12;35000
12;5400
